-- phpMyAdmin SQL Dump
-- version 5.2.1
-- https://www.phpmyadmin.net/
--
-- Host: 127.0.0.1
-- Generation Time: Cze 29, 2023 at 07:59 PM
-- Wersja serwera: 10.4.28-MariaDB
-- Wersja PHP: 8.2.4

SET SQL_MODE = "NO_AUTO_VALUE_ON_ZERO";
START TRANSACTION;
SET time_zone = "+00:00";


/*!40101 SET @OLD_CHARACTER_SET_CLIENT=@@CHARACTER_SET_CLIENT */;
/*!40101 SET @OLD_CHARACTER_SET_RESULTS=@@CHARACTER_SET_RESULTS */;
/*!40101 SET @OLD_COLLATION_CONNECTION=@@COLLATION_CONNECTION */;
/*!40101 SET NAMES utf8mb4 */;

--
-- Database: `ceneowebscraper`
--

-- --------------------------------------------------------

--
-- Struktura tabeli dla tabeli `cons`
--

CREATE TABLE `cons` (
  `cons_id` int(11) NOT NULL,
  `text` text NOT NULL,
  `opinion_id` int(11) NOT NULL
) ENGINE=InnoDB DEFAULT CHARSET=utf8mb4 COLLATE=utf8mb4_general_ci;

--
-- Dumping data for table `cons`
--

INSERT INTO `cons` (`cons_id`, `text`, `opinion_id`) VALUES
(9, 'regrywalno', 17569392),
(10, 'cena', 10387828),
(11, 'fabua', 8967457),
(12, 'cena', 17017918),
(13, 'fabua', 15504772),
(14, 'jako d藕wiku', 16925625),
(15, 'cena', 14281961),
(16, 'mao kart', 14281961),
(17, 'cena', 15855858),
(18, 'mao kart', 15855858);

-- --------------------------------------------------------

--
-- Struktura tabeli dla tabeli `opinions`
--

CREATE TABLE `opinions` (
  `id` int(11) NOT NULL,
  `opinion_id` int(11) NOT NULL,
  `author` text NOT NULL,
  `recommendation` text DEFAULT NULL,
  `score` text NOT NULL,
  `purchased` text DEFAULT NULL,
  `published_at` datetime NOT NULL,
  `purchased_at` datetime DEFAULT NULL,
  `thumbs_up` int(11) NOT NULL,
  `thumbs_down` int(11) NOT NULL,
  `content` text NOT NULL,
  `product_id` int(11) NOT NULL
) ENGINE=InnoDB DEFAULT CHARSET=utf8mb4 COLLATE=utf8mb4_general_ci;

--
-- Dumping data for table `opinions`
--

INSERT INTO `opinions` (`id`, `opinion_id`, `author`, `recommendation`, `score`, `purchased`, `published_at`, `purchased_at`, `thumbs_up`, `thumbs_down`, `content`, `product_id`) VALUES
(760, 16985579, 'a...c', 'Polecam', '5/5', 'Transakcja pochodzi z Marketplace Ceneo (usugi Kup Teraz).', '2023-01-06 20:58:14', '2022-12-07 14:01:32', 0, 0, 'Mistrz!Rozgrywka z dodatkiem rewelacyjna!', 47),
(761, 12474899, 'surfinia82', 'Polecam', '5/5', 'Transakcja pochodzi z Marketplace Ceneo (usugi Kup Teraz).', '2020-05-20 16:56:10', '2020-05-03 16:52:38', 1, 0, 'Komplet dodatkow juz jest', 47),
(762, 17569392, 'Jacek', 'Polecam', '5/5', 'Transakcja pochodzi z Marketplace Ceneo (usugi Kup Teraz).', '2023-06-01 07:44:48', '2023-05-26 13:04:35', 0, 0, 'Tego typu gry rzadko kiedy bywaj na 7 os贸b. W tym przypadku daje tak mo偶liwo co jest bardzo u偶yteczne jeli mamy wiksz ekip chtn do gry. Szkoda, 偶e w podstawowej wersji gry frakcje s \"nadrukowane\" na plansze i wymuszaj poo偶enie graczy przy stole. Ju偶 w tej wersji gry powinny by 偶etony frakcji mo偶liwe to uo偶enia w dowolnym miejscu.', 47),
(763, 10305419, 'Dominik', 'Polecam', '5/5', 'Transakcja pochodzi z Marketplace Ceneo (usugi Kup Teraz).', '2019-03-27 08:03:11', '2019-03-18 13:30:27', 0, 0, 'Dodatek do Scythe dodajcy nowe frakcj oraz umo偶liwiajcy gr na 7 os贸b. Nawet grajc w 3/4 osoby daje nowe mo偶liwoci gracz ze wzgldu na waciwoci frakcji i miejsca startowe. Polecam fanom Scythe', 47),
(764, 10387828, 'Vimesky', 'Polecam', '4/5', 'Transakcja pochodzi z Marketplace Ceneo (usugi Kup Teraz).', '2019-04-12 11:26:19', '2019-04-09 14:44:51', 0, 0, 'Fajny dodatek. Wprowadza do gry Scythe wiksz regrywalnosc dziki 2 nowym frakcj i 2 planszetk rozwoju. Na plus jest jeszcze to 偶e mo偶na teraz gra 6-7 os贸b.', 47),
(765, 8967457, 'VV.', 'Polecam', '5/5', 'Transakcja pochodzi z Marketplace Ceneo (usugi Kup Teraz).', '2019-01-22 10:47:27', '2019-01-17 21:41:58', 0, 0, '2 dodatkowe frakcje... Nie wprowadzaj 偶adnych rewolucji, ale je偶eli kto lubi Scythe - wypada mie :) \r\n\nJakoc jak zawsze bardzo dobra.', 47),
(766, 8978913, 'Kuba', 'Polecam', '5/5', 'Transakcja pochodzi z Marketplace Ceneo (usugi Kup Teraz).', '2019-01-23 21:54:38', '2019-01-03 21:13:05', 1, 0, 'wietny dodatek wzbogacajcy gr o dwie nowe frakcje, pikne szczeg贸owe figurki, rewelacyjne grafiki Jakuba R贸偶alskiego', 47),
(767, 10125959, 'Rafa', 'Polecam', '5/5', 'Transakcja pochodzi z Marketplace Ceneo (usugi Kup Teraz).', '2019-02-20 11:16:54', '2019-02-18 09:06:06', 0, 0, 'Dodatek do gry Scythe wnosi mo偶liwo wikszej r贸偶norodnoci przy wyborze frakcji. Dziki temu zwiksza regrywalno.', 47),
(768, 8050005, 'Witold', 'Polecam', '5/5', 'Transakcja pochodzi z Marketplace Ceneo (usugi Kup Teraz).', '2018-06-14 21:25:16', '2018-06-11 21:35:13', 0, 0, 'Bardzo fajne rozszerzenie, chocia偶 nie tak dobre jak Igrajc z Wiatrem. \r\nWykonanie jak zawsze na wysokim poziomie.', 47),
(769, 10318606, 'Micha', 'Polecam', '5/5', 'Transakcja pochodzi z Marketplace Ceneo (usugi Kup Teraz).', '2019-03-28 22:33:55', '2019-03-15 00:24:23', 0, 0, 'Rozszerzenie tak na prawd dopeniajce podstawk. Dopiero z nim gra wydaje si kompletna. Pozycja obowizkowa.', 47),
(770, 17017918, 'l...1', 'Polecam', '5/5', 'Transakcja pochodzi z Marketplace Ceneo (usugi Kup Teraz).', '2023-01-14 22:11:07', '2022-12-12 00:16:58', 0, 0, 'Co tu du偶o m贸wi, taki \"must have\" ka偶dego komu przypado do gustu Scythe :-) Jedyny minus jest taki, 偶e nie ma tych nacji od razu w podstawce...', 47),
(771, 8090322, 'Witold', 'Polecam', '5/5', NULL, '2018-06-28 13:49:23', NULL, 0, 0, 'Bardzo dobry dodatek, wykonanie najwy偶szej jakoci. Polecam wszystkim posiadaczom Scythe!', 47),
(772, 8996767, 'Witamina B6', 'Polecam', '5/5', 'Transakcja pochodzi z Marketplace Ceneo (usugi Kup Teraz).', '2019-01-28 08:36:32', '2019-01-16 11:18:46', 0, 0, 'Jako dodatek to jednej z najlepszych gier, kt贸re kiedykolwiek wydano jest to must have.', 47),
(773, 11778147, 'U偶ytkownik Ceneo', 'Polecam', '5/5', 'Transakcja pochodzi z Marketplace Ceneo (usugi Kup Teraz).', '2020-02-20 17:39:25', '2020-02-17 09:27:55', 0, 0, 'Obowizkowy dodatek do Scythe. Dwie nowe, inne frakcje wprowadzaj rozgrywk na nowy poziom. No i mo偶na gra w 6 os贸b :)', 47),
(774, 8950015, 'Patryk', 'Polecam', '4,5/5', 'Transakcja pochodzi z Marketplace Ceneo (usugi Kup Teraz).', '2019-01-18 11:20:26', '2019-01-15 11:55:32', 0, 0, 'jest to dodatek, do coci wnoszcy dwa nowe klany i lekkie modyfikacje starych, licznie wykonana i godna posiadania', 47),
(775, 10128442, 'Rafa', 'Polecam', '5/5', 'Transakcja pochodzi z Marketplace Ceneo (usugi Kup Teraz).', '2019-02-20 14:42:21', '2019-02-08 11:28:31', 0, 0, 'Dodatek do gry Scythe wnosi mo偶liwo wikszej r贸偶norodnoci przy wyborze frakcji. Dziki temu zwiksza regrywalno.', 47),
(776, 8906403, 'smailliw', 'Polecam', '5/5', 'Transakcja pochodzi z Marketplace Ceneo (usugi Kup Teraz).', '2019-01-11 10:46:11', '2019-01-06 11:28:38', 0, 0, 'Dobry dodatek! 2 nowe frakcje maj ciekawe umiejtnoci.', 47),
(777, 13824358, 'Jan', 'Polecam', '5/5', 'Transakcja pochodzi z Marketplace Ceneo (usugi Kup Teraz).', '2021-01-22 22:15:01', '2021-01-04 13:52:34', 0, 0, 'Odmienne nacje od podstawowych, wic wymagaj troch wicej kombinowania i urozmaicaj rozgrywk.', 47),
(778, 11829104, 'Yuthul', 'Polecam', '5/5', 'Transakcja pochodzi z Marketplace Ceneo (usugi Kup Teraz).', '2020-03-01 11:20:03', '2020-02-03 16:08:28', 0, 0, 'wietny dodatek, mo偶na gra w Scythe nawet w 6/7 graczy lub wcieli si w nowe pot偶ne frakcje.', 47),
(779, 8943511, 'Mieszko', 'Polecam', '5/5', 'Transakcja pochodzi z Marketplace Ceneo (usugi Kup Teraz).', '2019-01-17 12:47:42', '2019-01-07 12:34:54', 0, 0, 'wietny dodatek poszerzajcy mo偶liwoci gry', 47),
(780, 12927742, 'a...w', 'Polecam', '5/5', 'Transakcja pochodzi z Marketplace Ceneo (usugi Kup Teraz).', '2020-08-09 19:35:11', '2020-07-29 01:32:55', 0, 0, 'Pikne wykonanie. Dodatek nieobowizkowy ale urozmaicenie dziki 2 dodatkowym frakcjom.', 47),
(781, 13897057, 's...4', 'Polecam', '5/5', 'Transakcja pochodzi z Marketplace Ceneo (usugi Kup Teraz).', '2021-02-04 10:59:47', '2021-02-02 14:12:37', 0, 0, 'Wprowadza mo偶liwo gry w wikszym gronie, pozwala na wiksz regrywalnosc gry', 47),
(782, 12777476, 'o...m', 'Polecam', '5/5', 'Transakcja pochodzi z Marketplace Ceneo (usugi Kup Teraz).', '2020-07-08 20:32:58', '2020-05-05 07:52:19', 0, 0, 'Dwie bardzo ciekawe frakcje, kt贸re jeszcze bardziej podnosz regrywalno gry.', 47),
(783, 14687877, 'w...k', NULL, '3/5', 'Transakcja pochodzi z Marketplace Ceneo (usugi Kup Teraz).', '2021-07-06 18:09:33', '2021-06-06 15:09:15', 0, 0, 'Niestety, czekam na dostaw. Licz, 偶e nie zawiod si i dodatkowe nowe postacie wzbogac rozgrywk. Dostawa ma by jesieni, kasa zablokowana, myl jednak, 偶e  warto poczeka.', 47),
(784, 11898790, 'U偶ytkownik Ceneo', 'Polecam', '5/5', 'Transakcja pochodzi z Marketplace Ceneo (usugi Kup Teraz).', '2020-03-13 07:11:22', '2020-02-24 07:47:58', 0, 0, 'Nie niezbdny ale urozmaicajcy i rozszerzajcy mo偶liwoci rozgrywki dodatek', 47),
(785, 8062759, 'Edyta', 'Polecam', '5/5', 'Transakcja pochodzi z Marketplace Ceneo (usugi Kup Teraz).', '2018-06-19 20:06:25', '2018-06-13 14:40:33', 0, 0, 'spenia oczekiwania', 47),
(786, 10625697, 'p...3', 'Polecam', '5/5', 'Transakcja pochodzi z Marketplace Ceneo (usugi Kup Teraz).', '2019-06-06 15:57:37', '2019-05-01 09:37:19', 0, 0, 'bardzo ok', 47),
(787, 10625680, 'piotrpawel2883', 'Polecam', '5/5', 'Transakcja pochodzi z Marketplace Ceneo (usugi Kup Teraz).', '2019-06-06 15:55:59', '2019-05-02 20:15:33', 0, 0, 'bardzo ok', 47),
(788, 13916419, 'K...k', 'Polecam', '5/5', 'Transakcja pochodzi z Marketplace Ceneo (usugi Kup Teraz).', '2021-02-08 10:58:56', '2021-02-04 18:43:04', 0, 0, 'Bardzo dobry, szczeg贸lnie 偶e bdziemy gra w 7 os贸b :)', 47),
(789, 8427873, 'Seba', 'Polecam', '5/5', 'Transakcja pochodzi z Marketplace Ceneo (usugi Kup Teraz).', '2018-10-10 13:59:41', '2018-09-17 19:45:19', 0, 0, 'ok', 47),
(790, 12642132, 'k...1', 'Polecam', '5/5', 'Transakcja pochodzi z Marketplace Ceneo (usugi Kup Teraz).', '2020-06-13 11:21:02', '2020-06-10 13:54:37', 0, 0, 'Pikne wykonanie i ciekawe nowe mechaniki. Polecam!', 47),
(791, 12256216, 'U偶ytkownik Ceneo', 'Polecam', '5/5', 'Transakcja pochodzi z Marketplace Ceneo (usugi Kup Teraz).', '2020-04-25 17:23:59', '2020-04-21 19:43:23', 0, 0, 'Dobry dodatek do gry. Poszerza mo偶liwoci gry.', 47),
(792, 15504772, 'd...1', 'Polecam', '5/5', 'Transakcja pochodzi z Marketplace Ceneo (usugi Kup Teraz).', '2022-01-04 23:17:20', '2021-12-19 10:40:26', 0, 0, 'Obowizkowy do grania w wicej ni偶 5 os贸b ;-)', 47),
(793, 12073167, 'U偶ytkownik Ceneo', 'Polecam', '5/5', 'Transakcja pochodzi z Marketplace Ceneo (usugi Kup Teraz).', '2020-04-06 11:11:30', '2020-04-02 14:11:12', 0, 0, 'Poleca - jak ka偶dy inny dodatek do Scythe.', 47),
(794, 13721409, 'Karol', 'Polecam', '5/5', 'Transakcja pochodzi z Marketplace Ceneo (usugi Kup Teraz).', '2021-01-06 20:22:01', '2020-12-20 18:01:40', 0, 0, 'Fajne 2 nowe frakcje z fajnymi figrukami', 47),
(795, 15750026, 'ukasz', 'Polecam', '5/5', 'Transakcja pochodzi z Marketplace Ceneo (usugi Kup Teraz).', '2022-02-24 21:48:26', '2022-02-07 11:51:16', 0, 0, 'wszystko spoko... szybka wysyka', 47),
(796, 12966644, 'a...z', 'Polecam', '5/5', 'Transakcja pochodzi z Marketplace Ceneo (usugi Kup Teraz).', '2020-08-17 22:10:54', '2020-07-30 14:15:43', 0, 0, 'Super umo偶liwia gr w wicej os贸b', 47),
(797, 16250526, 'f...c', 'Polecam', '5/5', 'Transakcja pochodzi z Marketplace Ceneo (usugi Kup Teraz).', '2022-06-25 12:56:28', '2022-05-30 15:15:38', 0, 0, 'Dobrej jakoci wykonanie fugurek', 47),
(798, 17613119, 'p...o', 'Polecam', '5/5', 'Transakcja pochodzi z Marketplace Ceneo (usugi Kup Teraz).', '2023-06-15 00:50:32', '2023-05-19 00:21:48', 0, 0, 'Dodatek podnosi regrywalno.', 47),
(799, 13983195, 'g...9', 'Polecam', '5/5', 'Transakcja pochodzi z Marketplace Ceneo (usugi Kup Teraz).', '2021-02-18 23:27:59', '2021-02-02 21:04:00', 0, 0, 'Wszystko ok Pozdrawiam !', 47),
(800, 15554033, 'p...c', 'Polecam', '5/5', 'Transakcja pochodzi z Marketplace Ceneo (usugi Kup Teraz).', '2022-01-13 10:08:07', '2022-01-03 14:29:51', 0, 0, 'Gra typu musisz to mie!', 47),
(801, 12828807, 'A...a', 'Polecam', '5/5', 'Transakcja pochodzi z Marketplace Ceneo (usugi Kup Teraz).', '2020-07-20 20:48:22', '2020-07-02 06:02:48', 0, 0, 'Dodatek obowizkowy', 47),
(802, 14670611, 'l...s', 'Polecam', '5/5', 'Transakcja pochodzi z Marketplace Ceneo (usugi Kup Teraz).', '2021-07-01 14:17:20', '2021-06-29 11:13:44', 0, 0, 'Dodatek must have', 47),
(803, 8966270, 'U偶ytkownik Ceneo', 'Polecam', '5/5', 'Transakcja pochodzi z Marketplace Ceneo (usugi Kup Teraz).', '2019-01-22 00:31:51', '2019-01-10 21:10:09', 0, 0, 'OK, bez problem贸w', 47),
(804, 15644060, 'b...9', 'Polecam', '5/5', 'Transakcja pochodzi z Marketplace Ceneo (usugi Kup Teraz).', '2022-02-02 09:06:45', '2022-01-27 10:55:51', 0, 0, 'Mae pudeko', 47),
(805, 14022750, 'l...k', 'Polecam', '5/5', 'Transakcja pochodzi z Marketplace Ceneo (usugi Kup Teraz).', '2021-02-25 23:47:55', '2021-02-08 21:39:35', 0, 0, 'Fajny dodatek', 47),
(806, 11513614, 'Hanna', 'Polecam', '5/5', 'Transakcja pochodzi z Marketplace Ceneo (usugi Kup Teraz).', '2020-01-01 12:33:59', '2019-11-10 23:03:57', 0, 0, 'super dodatek', 47),
(807, 15518223, 'm...9', 'Polecam', '5/5', 'Transakcja pochodzi z Marketplace Ceneo (usugi Kup Teraz).', '2022-01-07 11:40:59', '2021-12-28 16:46:23', 0, 0, 'Wszystko ok', 47),
(808, 13348259, 'w...r', 'Polecam', '4/5', 'Transakcja pochodzi z Marketplace Ceneo (usugi Kup Teraz).', '2020-11-09 16:49:06', '2020-10-27 13:36:45', 0, 0, 'To scythe.', 47),
(809, 7990072, 'andrzej waluk', 'Polecam', '5/5', 'Transakcja pochodzi z Marketplace Ceneo (usugi Kup Teraz).', '2018-05-24 21:52:09', '2018-05-11 21:19:06', 0, 0, 'Jest super', 47),
(810, 17622593, 'p...k', 'Polecam', '5/5', 'Transakcja pochodzi z Marketplace Ceneo (usugi Kup Teraz).', '2023-06-18 10:42:28', '2023-06-05 22:05:53', 0, 0, 'pena moc', 47),
(811, 14655675, 'w...l', 'Polecam', '5/5', 'Transakcja pochodzi z Marketplace Ceneo (usugi Kup Teraz).', '2021-06-28 20:58:47', '2021-06-17 00:02:33', 0, 0, 'Jest ok', 47),
(812, 16771043, 'w...1', 'Polecam', '5/5', 'Transakcja pochodzi z Marketplace Ceneo (usugi Kup Teraz).', '2022-11-21 11:14:31', '2021-07-23 08:53:35', 0, 0, '10/10', 47),
(813, 14993564, 'y...s', 'Polecam', '5/5', 'Transakcja pochodzi z Marketplace Ceneo (usugi Kup Teraz).', '2021-09-24 10:39:15', '2021-09-11 21:28:46', 0, 0, 'super', 47),
(814, 12694934, 'w...7', 'Polecam', '5/5', 'Transakcja pochodzi z Marketplace Ceneo (usugi Kup Teraz).', '2020-06-23 07:42:38', '2020-06-02 07:04:52', 0, 0, 'SUPER', 47),
(815, 16212438, 'Grzegorz', 'Polecam', '5/5', 'Transakcja pochodzi z Marketplace Ceneo (usugi Kup Teraz).', '2022-06-15 10:47:28', '2022-06-06 11:24:18', 0, 0, 'Ok', 47),
(816, 13032964, 'p...k', 'Polecam', '5/5', 'Transakcja pochodzi z Marketplace Ceneo (usugi Kup Teraz).', '2020-09-01 17:44:42', '2020-08-26 17:25:51', 0, 0, '..', 47),
(817, 12770176, 'lossenorod', 'Polecam', '5/5', 'Transakcja pochodzi z Marketplace Ceneo (usugi Kup Teraz).', '2020-07-07 21:14:11', '2020-06-20 22:53:03', 0, 0, 'ok', 47),
(818, 8303941, 'domin', 'Polecam', '5/5', 'Transakcja pochodzi z Marketplace Ceneo (usugi Kup Teraz).', '2018-08-31 09:19:20', '2018-08-28 21:04:44', 0, 0, 'ok', 47),
(819, 8494508, 'pk_87', 'Polecam', '5/5', NULL, '2018-10-29 10:26:14', NULL, 0, 0, 'Dodatek urozmaica podstawk dodatkowymi frakcjami, kt贸re wprowadzaj nowe mo偶liwoci frakcji, przez co gra troch si zmienia.\r\nPolecam graczom, kt贸rzy ju偶 kilka razy zagrali w podstawk. Osob kt贸rzy nie grali w t gre polecam wpierw zagrac 2-3 krotnie w podstawk.', 47),
(820, 10644959, 'U偶ytkownik Ceneo', NULL, '5/5', NULL, '2019-06-11 15:01:14', NULL, 0, 0, '5,0/5', 47),
(821, 10592537, 'U偶ytkownik Ceneo', NULL, '5/5', NULL, '2019-05-29 21:05:01', NULL, 0, 0, '5,0/5', 47),
(822, 8417991, 'U偶ytkownik Ceneo', NULL, '5/5', NULL, '2018-10-07 17:17:42', NULL, 0, 0, '5,0/5', 47),
(823, 8273863, 'U偶ytkownik Ceneo', NULL, '4,5/5', NULL, '2018-08-22 20:57:21', NULL, 0, 0, '4,5/5', 47),
(824, 8043371, 'U偶ytkownik Ceneo', NULL, '5/5', NULL, '2018-06-13 10:55:54', NULL, 0, 0, '5,0/5', 47),
(825, 6507018, 'U偶ytkownik Ceneo', NULL, '5/5', 'Transakcja pochodzi z Marketplace Ceneo (usugi Kup Teraz).', '2018-01-23 12:07:56', '2018-01-13 18:19:51', 0, 0, '5,0/5', 47),
(826, 5019182, 'U偶ytkownik Ceneo', NULL, '5/5', 'Transakcja pochodzi z Marketplace Ceneo (usugi Kup Teraz).', '2017-09-07 20:51:59', '2017-08-30 09:06:29', 0, 0, '5,0/5', 47),
(827, 16477319, 'a...a', 'Polecam', '5/5', 'Transakcja pochodzi z Marketplace Ceneo (usugi Kup Teraz).', '2022-09-01 10:12:12', '2022-08-29 08:36:59', 0, 0, 'Suchawki rewelacja! Idealnie dopasowane a d藕wik idealny!', 48),
(828, 16834742, 'k...t', 'Polecam', '5/5', 'Transakcja pochodzi z Marketplace Ceneo (usugi Kup Teraz).', '2022-12-05 20:42:54', '2022-11-09 09:01:49', 0, 0, 'wietny produkt,szybko i sprawnie.Polecam.', 48),
(829, 16567374, 'S...3', 'Polecam', '5/5', 'Transakcja pochodzi z Marketplace Ceneo (usugi Kup Teraz).', '2022-09-27 21:25:22', '2022-09-22 20:10:33', 0, 0, 'Dobre wykonanie', 48),
(830, 16916859, 'Stanisaw', 'Polecam', '5/5', 'Transakcja pochodzi z Marketplace Ceneo (usugi Kup Teraz).', '2022-12-22 09:19:57', '2022-12-09 08:50:50', 0, 0, 'jest ok', 48),
(831, 16486313, 'jac', 'Polecam', '4/5', 'Transakcja pochodzi z Marketplace Ceneo (usugi Kup Teraz).', '2022-09-04 10:21:29', '2022-08-04 13:05:30', 0, 0, 'ok', 48),
(832, 16947699, 'a...2', 'Polecam', '4,5/5', 'Transakcja pochodzi z Marketplace Ceneo (usugi Kup Teraz).', '2022-12-29 13:13:10', '2022-12-11 12:15:34', 1, 0, 'Syn zadowolony ,suchawki bardzo dobrze si sprawuj i nie ma  z nimi i 偶adnego problemu.', 48),
(833, 16957392, 'r...k', 'Polecam', '5/5', 'Transakcja pochodzi z Marketplace Ceneo (usugi Kup Teraz).', '2022-12-31 06:28:12', '2022-12-13 21:53:40', 0, 0, 'Spenienia swoj rol', 48),
(834, 17541753, 'a...3', 'Polecam', '4/5', 'Transakcja pochodzi z Marketplace Ceneo (usugi Kup Teraz).', '2023-05-24 11:22:46', '2023-05-21 09:00:17', 0, 0, 'Spelnia oczekiwania', 48),
(835, 17253835, 'k...z', 'Polecam', '5/5', 'Transakcja pochodzi z Marketplace Ceneo (usugi Kup Teraz).', '2023-03-11 00:21:09', '2023-02-25 15:40:50', 0, 0, ':)', 48),
(836, 16925625, 'U偶ytkownik Ceneo', 'Nie polecam', '2/5', NULL, '2022-12-23 23:38:25', NULL, 2, 1, 'Nie mog przyciszy ich na iPhone odpowiednio, s wci偶 za gone nawet na mega mininalnej gonoci. Na samsungu bez problemu.. albo laptopie. Masakra :/ i d藕wik gorszy ni偶 z suchawek iPhone, taki paski, cho nie przeszkadzaoby mi to, gdyby w og贸le moznaby byo je przyciszy!!!', 48),
(837, 16544121, 'a...2', 'Polecam', '5/5', 'Transakcja pochodzi z Marketplace Ceneo (usugi Kup Teraz).', '2022-09-21 11:24:10', '2022-09-08 15:48:27', 0, 0, 'Ok', 48),
(838, 15659862, 'U偶ytkownik Ceneo', 'Nie polecam', '2,5/5', NULL, '2022-02-04 20:11:49', NULL, 0, 4, 'Suchawki fajne jeli kosztowa by 200 z.', 48),
(839, 15275519, 'h...4', 'Polecam', '5/5', 'Transakcja pochodzi z Marketplace Ceneo (usugi Kup Teraz).', '2021-11-29 19:26:20', '2021-10-29 23:13:22', 0, 0, 'Rewelacja', 49),
(840, 13659078, 'p...a', 'Polecam', '4,5/5', 'Transakcja pochodzi z Marketplace Ceneo (usugi Kup Teraz).', '2020-12-28 09:53:57', '2020-11-27 14:14:39', 0, 0, 'piekne i dobre wykonanie gra mo偶e nie wnosi zbyt wiele uatwia setup podstawki bo ju偶 nie musimy rozkada drzewa jedynie dokadamy niewielk plansz dodatkowo gr mo偶emy cieszy si w wiekszym gronie  :D ale najwiekszym plusem  s karty  zwierzak贸w kt贸re wnosz asymetryczno do gry  :D', 49),
(841, 14281961, 'r...a', 'Polecam', '4/5', 'Transakcja pochodzi z Marketplace Ceneo (usugi Kup Teraz).', '2021-04-13 20:21:36', '2021-04-09 22:16:03', 0, 0, 'Dodatek nie wprowadza do gry tyle nowoci ilu mo偶na by si byo spodziewa po jego cenie. Mimo wszystko warto rozszerzy Everdell o t opcj. Asymetria w zdolnociach meepli, nowe osignicia i targowisko wprowadzaj powiew wie偶oci.', 49),
(842, 13151338, 'Dominik', 'Polecam', '5/5', 'Transakcja pochodzi z Marketplace Ceneo (usugi Kup Teraz).', '2020-10-01 20:43:19', '2020-09-14 08:25:41', 0, 0, 'OJJJ dla fan贸w Everdell dodatek obowizkowy! bardzo fajnie urozmaica gr i dodaje kilka ciekawych mo偶liwoci. Wraz z 偶on uwielbiamy!', 49),
(843, 13603289, 't...o', 'Polecam', '5/5', 'Transakcja pochodzi z Marketplace Ceneo (usugi Kup Teraz).', '2020-12-18 00:03:24', '2020-11-27 21:49:46', 0, 0, 'Jedna z lepszych gier, kt贸ra jest prosta i zarazem pikna i wci偶 wcigajca , bo nie jest utarta koniec pocztek', 49),
(844, 16875606, 'f...a', 'Polecam', '4/5', 'Transakcja pochodzi z Marketplace Ceneo (usugi Kup Teraz).', '2022-12-14 00:29:03', '2022-11-05 13:26:47', 0, 0, 'Bardzo dobre wykonanie, cho cena produktu jest za wysoka wzgldem zawartoci, cho to ju偶 nie zale偶y od sklepu.', 49),
(845, 13571847, 'j...k', 'Polecam', '5/5', 'Transakcja pochodzi z Marketplace Ceneo (usugi Kup Teraz).', '2020-12-14 12:15:32', '2020-12-09 08:19:43', 0, 0, 'Przesyka nadesza bardzo szybko. Trudno mi oceni sam produkt, poniewa偶 jest to prezent na wita', 49),
(846, 13790600, 'm...a', 'Polecam', '5/5', 'Transakcja pochodzi z Marketplace Ceneo (usugi Kup Teraz).', '2021-01-18 12:46:58', '2021-01-13 21:57:02', 0, 0, 'Pieknie wykonany dodatek. Urozmaica gr i daje nowe mo偶liwoci.', 49),
(847, 14881584, 's...k', 'Polecam', '5/5', 'Transakcja pochodzi z Marketplace Ceneo (usugi Kup Teraz).', '2021-08-25 10:24:26', '2021-08-12 13:17:32', 0, 0, 'Przepiknie wykonane karty oraz dodatkowe elementy.', 49),
(848, 13421477, 'U偶ytkownik Ceneo', 'Polecam', '5/5', 'Transakcja pochodzi z Marketplace Ceneo (usugi Kup Teraz).', '2020-11-21 07:32:44', '2020-10-28 06:28:28', 0, 0, 'wietny dodatek. Ka偶dy fan tej gry powinien to miec', 49),
(849, 15667144, 'Dorota', 'Polecam', '5/5', 'Transakcja pochodzi z Marketplace Ceneo (usugi Kup Teraz).', '2022-02-07 13:26:30', '2022-01-28 19:32:19', 0, 0, 'liczny dodatek - targowisko dodanej nowych emocji', 49),
(850, 14215173, 'm...k', 'Polecam', '5/5', 'Transakcja pochodzi z Marketplace Ceneo (usugi Kup Teraz).', '2021-04-01 09:35:11', '2021-03-15 20:49:31', 0, 0, 'produkt zgodny z opisem; wietny dodatek do gry', 49),
(851, 15585412, 'P...k', 'Polecam', '5/5', 'Transakcja pochodzi z Marketplace Ceneo (usugi Kup Teraz).', '2022-01-20 10:51:43', '2022-01-10 11:37:34', 0, 0, 'Bardzo fajny dodatek, polecam ! :D', 49),
(852, 13686358, 'Marcin', 'Polecam', '5/5', 'Transakcja pochodzi z Marketplace Ceneo (usugi Kup Teraz).', '2020-12-30 22:47:39', '2020-12-13 17:28:56', 0, 0, 'Produkt bajecznie wykonany.', 49),
(853, 16048257, 'm...r', 'Polecam', '5/5', 'Transakcja pochodzi z Marketplace Ceneo (usugi Kup Teraz).', '2022-05-05 21:12:38', '2022-04-13 00:47:37', 0, 0, 'Super dodatek, polecam.', 49),
(854, 14099976, 'lolus17', 'Polecam', '5/5', 'Transakcja pochodzi z Marketplace Ceneo (usugi Kup Teraz).', '2021-03-11 19:14:33', '2021-03-02 20:43:34', 0, 0, 'wszystko w porzadku', 49),
(855, 14241341, 'p...o', 'Polecam', '5/5', 'Transakcja pochodzi z Marketplace Ceneo (usugi Kup Teraz).', '2021-04-07 00:41:33', '2021-03-27 22:02:00', 0, 0, 'wietny dodatek', 49),
(856, 15855858, 'b...a', 'Polecam', '4/5', 'Transakcja pochodzi z Marketplace Ceneo (usugi Kup Teraz).', '2022-03-22 19:09:50', '2022-03-19 15:38:39', 0, 0, 'nie warto ;)', 49),
(857, 13812827, 'd...5', 'Polecam', '5/5', 'Transakcja pochodzi z Marketplace Ceneo (usugi Kup Teraz).', '2021-01-21 10:52:26', '2021-01-18 20:29:09', 0, 0, 'Rewelacja!', 49),
(858, 14270913, 'k...7', 'Polecam', '4,5/5', 'Transakcja pochodzi z Marketplace Ceneo (usugi Kup Teraz).', '2021-04-11 19:54:01', '2021-03-11 22:01:57', 0, 0, 'REWELACJA', 49),
(859, 11867793, 'U偶ytkownik Ceneo', 'Polecam', '5/5', 'Transakcja pochodzi z Marketplace Ceneo (usugi Kup Teraz).', '2020-03-07 20:18:26', '2020-02-06 09:56:43', 0, 0, 'Polecam', 49),
(860, 14915835, 'k...i', 'Polecam', '5/5', 'Transakcja pochodzi z Marketplace Ceneo (usugi Kup Teraz).', '2021-09-02 17:25:33', '2021-08-24 19:17:12', 0, 0, '拣', 49),
(861, 14053636, 'b...a', 'Polecam', '5/5', 'Transakcja pochodzi z Marketplace Ceneo (usugi Kup Teraz).', '2021-03-03 22:24:09', '2021-02-21 11:59:33', 0, 0, 'Super.', 49),
(862, 16915909, 'b...a', 'Polecam', '5/5', 'Transakcja pochodzi z Marketplace Ceneo (usugi Kup Teraz).', '2022-12-22 00:55:32', '2022-12-03 23:43:00', 0, 0, 'Super', 49),
(863, 14204979, 'Q...6', 'Polecam', '4,5/5', 'Transakcja pochodzi z Marketplace Ceneo (usugi Kup Teraz).', '2021-03-30 21:35:20', '2021-03-19 19:27:42', 0, 0, 'Super', 49),
(864, 14424812, 'k...i', 'Polecam', '5/5', 'Transakcja pochodzi z Marketplace Ceneo (usugi Kup Teraz).', '2021-05-07 18:08:26', '2021-04-06 19:52:45', 0, 0, 'Ok', 49),
(865, 14131268, 'm...5', 'Polecam', '4/5', 'Transakcja pochodzi z Marketplace Ceneo (usugi Kup Teraz).', '2021-03-17 13:52:43', '2021-03-15 00:25:18', 0, 0, 'ok', 49),
(866, 1851305, '2...4', 'Polecam', '4/5', NULL, '2011-11-30 13:40:28', NULL, 0, 0, 'Do dnia dzisiejszego nie byo 偶adnych problem贸w. Lod贸wka dziaaa sprawnie, dobrze mrozia, w miar cicho chodzia. Jednak po 3,5 roku u偶ytkowania wysiada spr偶arka. Cz nie nadajca si do naprawy. Trzeba j wymieni na now, a wymiana, jak si dowiedzielimy, kosztowaa by nas ok 500,00 z. Przy obecnej cenie tej lod贸wki ok. 800 z opaca si kupi co nowego i mo偶e co, co wytrzyma min. 5 lat.. Og贸lnie nie polecam.', 50),
(867, 1075211, 'U偶ytkownik Ceneo', 'Polecam', '5/5', NULL, '2009-10-03 16:50:27', NULL, 0, 0, 'Kupiam t lod贸wk rok temu ze wzgldu na ma szeroko, gdy偶 wiksza nie weszaby mi do kuchni. P贸ki co nie mam powod贸w do narzekania. Nie zgadzam si z innymi opiniami u mnie jej pracy wog贸le nie sycha, dobrze chodzi, uszczelki p贸ki co tez w porzdku, mo偶na powiedzie 偶e trzymaj a偶 za dobrze. Dla mnie dobra lod贸wka', 50),
(868, 1637327, 'U偶ytkownik Ceneo', 'Polecam', '5/5', NULL, '2010-02-24 17:25:03', NULL, 2, 0, 'Posiadam t lod贸wk od 2 lat jednak w kolorze  inox.Lod贸wka jest niestety do haaliwa, stale sie w niej co przelewa i szumi jednak jeli chodzi o utrzymanie czystoci to naprawd dobrze si ja sprzta.Lod贸wka ma regulowane szklane p贸ki,jest bardzo pojemna i sama si odmra偶a.polecam', 50),
(869, 1074736, 'U偶ytkownik Ceneo', 'Polecam', '5/5', NULL, '2009-10-03 17:39:10', NULL, 0, 0, 'Mieszkam w bloku, mamy mae mieszkanko i zale偶y nam aby w kuchni znalazy si wszystkie potrzebne rzeczy.No a jak ka偶dy wie bez lod贸wki normalnie 偶y jest cizko.Kupilimy j 2 lata temu i jak narazie to si wietnie sprawdza.Niby jest wziutka ,ale pomieci bardzo du偶o rzeczy,Polecam', 50),
(870, 1682968, 'U偶ytkownik Ceneo', 'Polecam', '5/5', NULL, '2010-02-18 10:33:34', NULL, 0, 1, 'Bardzo dobra lod贸wka ,wysokiej klasy produkt, wykonana z bardzo dobrego materiau co stawia j na wysokim poziomie. Elegancki i stylowy wygld, energooszczdna i bezawaryjna, bardzo solidnie wykonana i stabilna. Jest niedroga , do codziennego u偶ytku. Polecam wszystkim.', 50),
(871, 1716881, 'b...d', NULL, '3/5', NULL, '2010-05-08 12:55:56', NULL, 0, 0, 'Niestety zawiodam si. Kupiam t lod贸wk 1,5 roku temu. Ju偶 raz miaam wymieniany agregat. Zgadzam si z innym, 偶e gono chodzi. Jeli chodzi o chodzenie to na \"2\" raz mam na ciankach wod a raz l贸d, natomiast jak podkrc np na \"3\", to zamarzaj mi produkty !!! Ostatnio z og贸rka zrobi si l贸d !! Drugi raz nie kupiabym jej.', 50),
(872, 356270, '8...c', 'Nie polecam', '1/5', NULL, '2009-06-09 15:26:26', NULL, 6, 0, 'Witam wszystkich, ludzie nie kupujcie tego zomu, nie wiem jak mo偶na wypuci na rynek taki bubel. Po pierwsze zgadzam si ze wszystkimi, chodzi gono, kompresor spali si ju偶 dwa razy, na dodatek po drugiej wymianie by efekt gonej jego pracy, co w nastpstwie pocigno za sob spalenie kompresora, uszczelki - szajs (pkaj po 6 miesicach). To ju偶 jest druga moja lod贸wka( kt贸ra zepsua si po dw贸ch tygodniach), obecnie czekam na TRZECI!!! Mam ju偶 do. Na dodatek w centralnym serwisie BEKO w Warszawie powiedzieli 偶e nie zwracaj pienidzy - tylko towar za towar. Jeli tak dalej p贸jdzie - sprawa trafi do sdu o zwrot pienidzy.\r\rSTANOWCZO ODRADZAM lepiej doo偶y troszk wicej pieni偶k贸w i kupi co wiarygodniejszego.', 50),
(873, 364025, 'U偶ytkownik Ceneo', 'Nie polecam', '1/5', NULL, '2009-06-16 10:36:31', NULL, 4, 1, 'nie kupujcie tej lod贸wki p贸ki szczelaj jak chc wanie jade zam贸wi kolejne nadaje si tylko na wystaw bo adnie wyglda w praktyce nie do u偶ycia  gna mam otwart kuchnie jak si wancza musz dawa g贸niej telewizor no i uszczelki do d.... serwisant jak wymienia m贸wi 偶e to wina nie odpowiedniego otwierania ale po przeczytaniu opinni stwierdzam 偶e to lod贸wka nie dla polak贸w bo ka偶demu pkaj uszczelki nie tylko mi', 50),
(874, 269554, 'U偶ytkownik Ceneo', 'Nie polecam', '1/5', NULL, '2009-02-27 23:34:21', NULL, 1, 0, 'Mam t lod贸wk 8 miesiecy i wasnie spali sie kompresor, wymiana na szczcie na gwarancji. Po wymianie kompresora kolejny chodzi caly czas az obudowa lod贸wki jest gorca, postawiam koo lodowki gasnice w razie czego i czekam na kolejn wizyte serwisu. Jak na razie rozczarowanie. Poza tym saba jako uszcelek u mnie pka uszczelka chodziarki i kwalifikuje sie do wymiany.', 50),
(875, 1492364, 'e...f', 'Nie polecam', '1/5', NULL, '2010-01-07 20:26:05', NULL, 1, 0, 'Lod贸wka beko to czysty bubel, podczas gwarancji mielimy wymienion spr偶ark ale po 9 miesicach znowu stao si to samo tym razem serwisant ju偶 nie uznaje gwarancji bo ona skoczya si w czerwcu a na wymian pod zespou ju偶 jej nie daje normalnie paranoja pienidze wyrzucone w boto odradzam zakup sprztu agd z tej firmy.', 50),
(876, 1990955, 'c...d', 'Polecam', '5/5', NULL, '2012-08-31 10:55:52', NULL, 0, 0, 'mam j 5 lat, jest niezawodna a偶 do dzi guma z uszczelki sparciaa czy juz sie po prostu zu偶ya od nadmiernego otwierania wiadomo lod贸wka to sprzt codziennego u偶ytku. wie ktos moze czy da sie wuymienic uszczelk w drzwiach?', 50),
(877, 1728335, '7...0', NULL, '3/5', NULL, '2010-07-16 18:47:48', NULL, 0, 0, 'Po p贸 roku u偶ytkowania lod贸wki popsu si agregat, gono chodzi (sycha przelewanie), cay czas jest \"nakrcona\" na poziom 2. Raz na ciankach jest woda, a raz wszystko w lod贸wce mi zamarza! Ogolnie odradzam, cho adnie wizualnie wyglda (mam model INOX).', 50),
(878, 1346918, '3...d', NULL, '3/5', NULL, '2009-12-01 11:56:22', NULL, 0, 1, 'Fatalna sprawa. Zespua sie po 2,5 roku. Przestaa sie wycza. Pan z serwisu BEKO powiedzia, 偶e ju偶 nie do naprawy. Gaz ucieka. No ale co si dziwi, produkuje je w Rumuni. Eh, pienidze w boto wyrzucone.', 50),
(879, 831854, '6...f', NULL, '3/5', NULL, '2009-09-21 21:48:41', NULL, 5, 0, 'Gona praca. Bardzo gona. Charakteryzuje si bulgotaniem. Poziomowanie nie zmienia sytuacji. Grzeje si. ODRADZAM', 50),
(880, 2030463, 'U偶ytkownik Ceneo', NULL, '3/5', NULL, '2013-02-16 15:23:49', NULL, 0, 0, 'p贸ki co mam t lod贸wk prawie rok i wszystko jest ok,posiada du偶o miejsca z czego jestem zadowolony ,ale jest przera偶ajco haaliwa', 50),
(881, 358161, '2...3', NULL, '3/5', NULL, '2009-06-11 12:11:54', NULL, 2, 0, 'Zgadzam si z przedm贸wcami,tandeta. 2 awarie,2 lod贸wka i to samo,znowu awaria.A 20 letni misk jeszcze chodzi.', 50),
(882, 351048, 'a...2', NULL, '3/5', NULL, '2009-06-01 21:06:24', NULL, 3, 0, 'Mam ja ju偶 prawie rok. Bardzo gono chodzi. W 偶yciu nie syszaem tak gonej lod贸wki', 50),
(883, 2129195, 'U偶ytkownik Ceneo', 'Polecam', '5/5', NULL, '2013-06-30 22:00:16', NULL, 0, 0, '5,0/5', 51),
(884, 300843, 'U偶ytkownik Ceneo', 'Nie polecam', '1/5', NULL, '2009-03-05 22:41:40', NULL, 0, 0, 'Tonsil zawsze by dla mnie synonimem luksusu w wiecie audio, dlatego te偶 jak wiele lat temu w kocu sta mnie byo na zakup gonik贸w, wyb贸r by oczywisty (oczywicie mocno zaw偶ony posiadanym bud偶etem). \rJako mody chopak szukaem kolumn, kt贸re bd w stanie rozbuja domow imprezk. I jako takie sprawuj si znakomicie, s o wiele przy tym subelniejsze od Altus贸w.\rC贸偶, z wiekiem zmieniaj si oczekiwania od sprztu i chciaoby si mie co wiecej. A tutaj ju偶 nie jest tak wesoo.\rBas jest dobry, o ile moco wysterujemy kolumny, cho nie musi si to ju偶 podoba ssiadom. Niestety nie ma on tej przyjemnej gbi i ciepa. G贸rne pasmo wog贸le nie istnieje... Jedynym argumentem na obron Soundfinder贸w jest przystpna cena oraz brak funduszy na lepszy sprzt, ale jak si nie ma co si lubi...', 51),
(885, 1584710, 'U偶ytkownik Ceneo', 'Nie polecam', '2/5', NULL, '2010-01-31 17:27:57', NULL, 0, 2, 'Prezentowane kolumny to saby produkt. O ile moc jest w miar wystarczajca, to co do jakoci mam zastrze偶enia. O ile tony wysokie s wystarczajce, to wyra藕nie brakuje ton贸w niskich. Podsumowujc, nie polecam tych kolumn.', 51);

-- --------------------------------------------------------

--
-- Struktura tabeli dla tabeli `products`
--

CREATE TABLE `products` (
  `product_id` int(11) NOT NULL,
  `product_code` int(11) NOT NULL
) ENGINE=InnoDB DEFAULT CHARSET=utf8mb4 COLLATE=utf8mb4_general_ci;

--
-- Dumping data for table `products`
--

INSERT INTO `products` (`product_id`, `product_code`) VALUES
(47, 53026041),
(48, 120522561),
(49, 90892559),
(50, 234234),
(51, 123123);

-- --------------------------------------------------------

--
-- Struktura tabeli dla tabeli `pros`
--

CREATE TABLE `pros` (
  `pros_id` int(11) NOT NULL,
  `text` text NOT NULL,
  `opinion_id` int(11) NOT NULL
) ENGINE=InnoDB DEFAULT CHARSET=utf8mb4 COLLATE=utf8mb4_general_ci;

--
-- Dumping data for table `pros`
--

INSERT INTO `pros` (`pros_id`, `text`, `opinion_id`) VALUES
(1455, 'fabua', 16985579),
(1456, 'grywalno', 16985579),
(1457, 'jako', 16985579),
(1458, 'regrywalno', 16985579),
(1459, 'fabua', 17569392),
(1460, 'grywalno', 17569392),
(1461, 'jako', 17569392),
(1462, 'fabua', 10305419),
(1463, 'grywalno', 10305419),
(1464, 'jako', 10305419),
(1465, 'nowe frakcje', 10387828),
(1466, 'regrywalno', 10387828),
(1467, 'liczne pudelko.', 10387828),
(1468, 'grywalno', 8967457),
(1469, 'jako', 8967457),
(1470, 'fabua', 8978913),
(1471, 'grywalno', 8978913),
(1472, 'jako', 8978913),
(1473, 'grywalno', 10125959),
(1474, 'jako', 10125959),
(1475, 'fabua', 8050005),
(1476, 'grywalno', 8050005),
(1477, 'jako', 8050005),
(1478, 'fabua', 10318606),
(1479, 'grywalno', 10318606),
(1480, 'jako', 10318606),
(1481, 'fabua', 17017918),
(1482, 'grywalno', 17017918),
(1483, 'jako', 17017918),
(1484, 'nowe frakcje', 17017918),
(1485, 'regrywalno', 17017918),
(1486, 'liczne pudelko.', 17017918),
(1487, 'fabua', 8090322),
(1488, 'grywalno', 8090322),
(1489, 'jako', 8090322),
(1490, 'fabua', 8996767),
(1491, 'grywalno', 8996767),
(1492, 'jako', 8996767),
(1493, 'grywalno', 8906403),
(1494, 'jako', 8906403),
(1495, 'fabua', 13824358),
(1496, 'grywalno', 13824358),
(1497, 'jako', 13824358),
(1498, 'regrywalno', 13824358),
(1499, 'fabua', 8943511),
(1500, 'grywalno', 8943511),
(1501, 'jako', 8943511),
(1502, 'fabua', 12927742),
(1503, 'grywalno', 12927742),
(1504, 'jako', 12927742),
(1505, 'nowe frakcje', 12927742),
(1506, 'regrywalno', 12927742),
(1507, 'liczne pudelko.', 12927742),
(1508, 'fabua', 13897057),
(1509, 'grywalno', 13897057),
(1510, 'jako', 13897057),
(1511, 'regrywalno', 13897057),
(1512, 'fabua', 12777476),
(1513, 'grywalno', 12777476),
(1514, 'jako', 12777476),
(1515, 'regrywalno', 12777476),
(1516, 'fabua', 8062759),
(1517, 'grywalno', 8062759),
(1518, 'jako', 8062759),
(1519, 'fabua', 13916419),
(1520, 'grywalno', 13916419),
(1521, 'jako', 13916419),
(1522, 'regrywalno', 13916419),
(1523, 'fabua', 8427873),
(1524, 'grywalno', 8427873),
(1525, 'fabua', 12642132),
(1526, 'grywalno', 12642132),
(1527, 'jako', 12642132),
(1528, 'regrywalno', 12642132),
(1529, 'grywalno', 15504772),
(1530, 'jako', 15504772),
(1531, 'regrywalno', 15504772),
(1532, 'fabua', 13721409),
(1533, 'grywalno', 13721409),
(1534, 'jako', 13721409),
(1535, 'nowe frakcje', 13721409),
(1536, 'regrywalno', 13721409),
(1537, 'liczne pudelko.', 13721409),
(1538, 'cena', 16250526),
(1539, 'fabua', 16250526),
(1540, 'grywalno', 16250526),
(1541, 'jako', 16250526),
(1542, 'nowe frakcje', 16250526),
(1543, 'regrywalno', 16250526),
(1544, 'liczne pudelko.', 16250526),
(1545, 'fabua', 17613119),
(1546, 'grywalno', 17613119),
(1547, 'jako', 17613119),
(1548, 'regrywalno', 17613119),
(1549, 'cena', 15644060),
(1550, 'fabua', 15644060),
(1551, 'grywalno', 15644060),
(1552, 'jako', 15644060),
(1553, 'nowe frakcje', 15644060),
(1554, 'regrywalno', 15644060),
(1555, 'liczne pudelko.', 15644060),
(1556, 'fabua', 14022750),
(1557, 'grywalno', 14022750),
(1558, 'jako', 14022750),
(1559, 'fabua', 13348259),
(1560, 'grywalno', 13348259),
(1561, 'jako', 13348259),
(1562, 'regrywalno', 13348259),
(1563, 'cena', 17622593),
(1564, 'fabua', 17622593),
(1565, 'grywalno', 17622593),
(1566, 'jako', 17622593),
(1567, 'nowe frakcje', 17622593),
(1568, 'regrywalno', 17622593),
(1569, 'liczne pudelko.', 17622593),
(1570, 'fabua', 16771043),
(1571, 'grywalno', 16771043),
(1572, 'jako', 16771043),
(1573, 'regrywalno', 16771043),
(1574, 'fabua', 14993564),
(1575, 'grywalno', 14993564),
(1576, 'jako', 14993564),
(1577, 'regrywalno', 14993564),
(1578, 'fabua', 12694934),
(1579, 'grywalno', 12694934),
(1580, 'jako', 12694934),
(1581, 'fabua', 13032964),
(1582, 'grywalno', 13032964),
(1583, 'jako', 13032964),
(1584, 'regrywalno', 13032964),
(1585, 'jako d藕wiku', 16477319),
(1586, 'wygld', 16477319),
(1587, 'wygoda u偶ywania', 16477319),
(1588, 'jako d藕wiku', 16486313),
(1589, 'wygld', 16486313),
(1590, 'wygoda u偶ywania', 16486313),
(1591, 'jako d藕wiku', 16947699),
(1592, 'wygld', 16947699),
(1593, 'wygoda u偶ywania', 16947699),
(1594, 'wygld', 16925625),
(1595, 'wygoda u偶ywania', 16925625),
(1596, 'jako d藕wiku', 16544121),
(1597, 'wygld', 16544121),
(1598, 'jako d藕wiku', 15659862),
(1599, 'wygld', 15659862),
(1600, 'fabua', 15275519),
(1601, 'grywalno', 15275519),
(1602, 'ilustracje', 15275519),
(1603, 'jako', 15275519),
(1604, 'fabua', 14281961),
(1605, 'grywalno', 14281961),
(1606, 'ilustracje', 14281961),
(1607, 'jako', 14281961),
(1608, 'wykonanie', 14281961),
(1609, 'fabua', 13151338),
(1610, 'grywalno', 13151338),
(1611, 'ilustracje', 13151338),
(1612, 'jako', 13151338),
(1613, 'fabua', 13603289),
(1614, 'grywalno', 13603289),
(1615, 'ilustracje', 13603289),
(1616, 'jako', 13603289),
(1617, 'fabua', 13790600),
(1618, 'grywalno', 13790600),
(1619, 'ilustracje', 13790600),
(1620, 'jako', 13790600),
(1621, 'wykonanie', 13790600),
(1622, 'fabua', 14881584),
(1623, 'grywalno', 14881584),
(1624, 'ilustracje', 14881584),
(1625, 'jako', 14881584),
(1626, 'fabua', 13421477),
(1627, 'grywalno', 13421477),
(1628, 'ilustracje', 13421477),
(1629, 'jako', 13421477),
(1630, 'fabua', 15667144),
(1631, 'grywalno', 15667144),
(1632, 'ilustracje', 15667144),
(1633, 'jako', 15667144),
(1634, 'fabua', 14215173),
(1635, 'grywalno', 14215173),
(1636, 'ilustracje', 14215173),
(1637, 'jako', 14215173),
(1638, 'fabua', 15585412),
(1639, 'grywalno', 15585412),
(1640, 'ilustracje', 15585412),
(1641, 'jako', 15585412),
(1642, 'ilustracje', 13686358),
(1643, 'jako', 13686358),
(1644, 'fabua', 16048257),
(1645, 'grywalno', 16048257),
(1646, 'ilustracje', 16048257),
(1647, 'jako', 16048257),
(1648, 'grywalno', 15855858),
(1649, 'ilustracje', 15855858),
(1650, 'jako', 15855858),
(1651, 'fabua', 14915835),
(1652, 'grywalno', 14915835),
(1653, 'ilustracje', 14915835),
(1654, 'jako', 14915835),
(1655, 'fabua', 14053636),
(1656, 'grywalno', 14053636),
(1657, 'ilustracje', 14053636),
(1658, 'jako', 14053636),
(1659, 'fabua', 14204979),
(1660, 'grywalno', 14204979),
(1661, 'ilustracje', 14204979),
(1662, 'jako', 14204979);

-- --------------------------------------------------------

--
-- Struktura tabeli dla tabeli `stats`
--

CREATE TABLE `stats` (
  `stats_id` int(11) NOT NULL,
  `opinions_count` int(11) NOT NULL,
  `pros_count` int(11) NOT NULL,
  `cons_count` int(11) NOT NULL,
  `avg_score` float NOT NULL,
  `product_id` int(11) NOT NULL
) ENGINE=InnoDB DEFAULT CHARSET=utf8mb4 COLLATE=utf8mb4_general_ci;

--
-- Dumping data for table `stats`
--

INSERT INTO `stats` (`stats_id`, `opinions_count`, `pros_count`, `cons_count`, `avg_score`, `product_id`) VALUES
(2, 67, 34, 5, 4.93, 53026041),
(3, 12, 6, 1, 4.33, 120522561),
(4, 27, 16, 2, 4.8, 90892559),
(5, 17, 0, 0, 3.18, 234234),
(6, 3, 0, 0, 2.67, 123123);

--
-- Indeksy dla zrzut贸w tabel
--

--
-- Indeksy dla tabeli `cons`
--
ALTER TABLE `cons`
  ADD PRIMARY KEY (`cons_id`),
  ADD KEY `opinion_id` (`opinion_id`);

--
-- Indeksy dla tabeli `opinions`
--
ALTER TABLE `opinions`
  ADD PRIMARY KEY (`id`),
  ADD KEY `product_id` (`product_id`),
  ADD KEY `opinion_id` (`opinion_id`);

--
-- Indeksy dla tabeli `products`
--
ALTER TABLE `products`
  ADD PRIMARY KEY (`product_id`);

--
-- Indeksy dla tabeli `pros`
--
ALTER TABLE `pros`
  ADD PRIMARY KEY (`pros_id`),
  ADD KEY `opinion_id` (`opinion_id`);

--
-- Indeksy dla tabeli `stats`
--
ALTER TABLE `stats`
  ADD PRIMARY KEY (`stats_id`),
  ADD KEY `product_id` (`product_id`);

--
-- AUTO_INCREMENT for dumped tables
--

--
-- AUTO_INCREMENT for table `cons`
--
ALTER TABLE `cons`
  MODIFY `cons_id` int(11) NOT NULL AUTO_INCREMENT, AUTO_INCREMENT=19;

--
-- AUTO_INCREMENT for table `opinions`
--
ALTER TABLE `opinions`
  MODIFY `id` int(11) NOT NULL AUTO_INCREMENT, AUTO_INCREMENT=886;

--
-- AUTO_INCREMENT for table `products`
--
ALTER TABLE `products`
  MODIFY `product_id` int(11) NOT NULL AUTO_INCREMENT, AUTO_INCREMENT=52;

--
-- AUTO_INCREMENT for table `pros`
--
ALTER TABLE `pros`
  MODIFY `pros_id` int(11) NOT NULL AUTO_INCREMENT, AUTO_INCREMENT=1663;

--
-- AUTO_INCREMENT for table `stats`
--
ALTER TABLE `stats`
  MODIFY `stats_id` int(11) NOT NULL AUTO_INCREMENT, AUTO_INCREMENT=7;

--
-- Constraints for dumped tables
--

--
-- Constraints for table `cons`
--
ALTER TABLE `cons`
  ADD CONSTRAINT `cons_ibfk_1` FOREIGN KEY (`opinion_id`) REFERENCES `opinions` (`opinion_id`) ON DELETE CASCADE ON UPDATE CASCADE;

--
-- Constraints for table `opinions`
--
ALTER TABLE `opinions`
  ADD CONSTRAINT `opinions_ibfk_2` FOREIGN KEY (`product_id`) REFERENCES `products` (`product_id`) ON DELETE CASCADE ON UPDATE CASCADE;
COMMIT;

/*!40101 SET CHARACTER_SET_CLIENT=@OLD_CHARACTER_SET_CLIENT */;
/*!40101 SET CHARACTER_SET_RESULTS=@OLD_CHARACTER_SET_RESULTS */;
/*!40101 SET COLLATION_CONNECTION=@OLD_COLLATION_CONNECTION */;
